Model,MAE,RMSE,N
Baseline+AR(1) (Route B),4.675465211263933,8.324712344912403,1726
Time-of-day baseline (Route B),4.780822711471611,8.52809878005084,1726
